<?xml version="1.0" encoding="UTF-8"?>
<project xmlns="http://maven.apache.org/POM/4.0.0" xmlns:xsi="http://www.w3.org/2001/XMLSchema-instance" xsi:schemaLocation="http://maven.apache.org/POM/4.0.0 http://maven.apache.org/maven-v4_0_0.xsd">
  <modelVersion>4.0.0</modelVersion>
  <groupId>com.kjsparkhttp</groupId>
  <artifactId>kjsparkhttp</artifactId>
  <version>1.0-SNAPSHOT</version>
  <build>
    <resources>
      <resource>
        <directory>src/main/resources/</directory>
      </resource>
    </resources>
    <plugins>
      <plugin>
        <groupId>net.alchim31.maven</groupId>
        <artifactId>scala-maven-plugin</artifactId>
        <version>3.2.0</version>
        <executions>
          <execution>
            <phase>process-sources</phase>
            <goals>
              <goal>compile</goal>
              <goal>testCompile</goal>
            </goals>
            <configuration />
          </execution>
        </executions>
      </plugin>
      <plugin>
        <artifactId>maven-compiler-plugin</artifactId>
        <version>3.3</version>
        <configuration>
          <source>${java.version}</source>
          <target>${java.version}</target>
        </configuration>
      </plugin>
      <plugin>
        <artifactId>maven-shade-plugin</artifactId>
        <executions>
          <execution>
            <phase>package</phase>
            <goals>
              <goal>shade</goal>
            </goals>
            <configuration>
              <filters>
                <filter>
                  <artifact>*:*</artifact>
                  <excludes>
                    <exclude>META-INF/*.SF</exclude>
                    <exclude>META-INF/*.DSA</exclude>
                    <exclude>META-INF/*.RSA</exclude>
                  </excludes>
                </filter>
              </filters>
              <transformers>
                <transformer>
                  <mainClass>at.seresunit.lecturemanager_connector.App</mainClass>
                </transformer>
                <transformer>
                  <resource>META-INF/spring.handlers</resource>
                </transformer>
                <transformer>
                  <resource>META-INF/spring.schemas</resource>
                </transformer>
              </transformers>
            </configuration>
          </execution>
        </executions>
      </plugin>
      <plugin>
        <groupId>org.codehaus.mojo</groupId>
        <artifactId>exec-maven-plugin</artifactId>
        <version>1.6.0</version>
        <configuration>
          <mainClass>MainApp</mainClass>
        </configuration>
      </plugin>
    </plugins>
  </build>
  <dependencies>
    <dependency>
      <groupId>org.scalacheck</groupId>
      <artifactId>scalacheck_2.11</artifactId>
      <version>1.11.4</version>
      <scope>test</scope>
      <exclusions>
        <exclusion>
          <artifactId>test-interface</artifactId>
          <groupId>org.scala-sbt</groupId>
        </exclusion>
      </exclusions>
    </dependency>
    <dependency>
      <groupId>org.scalatest</groupId>
      <artifactId>scalatest_2.11</artifactId>
      <version>2.2.0</version>
      <scope>test</scope>
    </dependency>
  </dependencies>
  <properties>
    <scala.version>2.11.8</scala.version>
    <java.version>1.8</java.version>
    <scala.binary.version>2.11</scala.binary.version>
    <aws.version>1.10.50</aws.version>
    <project.build.sourceEncoding>UTF-8</project.build.sourceEncoding>
    <spark.version>2.1.0</spark.version>
  </properties>
</project>
